,Increase ASP Depth to 8[m],Build 2 more ASPs
1/cost (1/£),0.38977589876310725,0.6102241012368927
surface area (1/m^2),0.9997466430200151,0.00025335697998479854
total score,1.3895225417831223,0.6104774582168776
